{
  "success": true,
  "total": 3,
  "data": [
    {
      "id": 1,
      "judul": "Welcome To CiaaTopUp",
      "pesan": "Kini website CiaaTopUp telah rilis.",
      "tipe": "info",
      "url": "/",
      "created_at": "2025-09-07T13:32:45.123Z"
    },
    {
      "id": 2,
      "judul": "Qris Instant/Qrisfast sudah bisa",
      "pesan": "Silahkan Deposit Melalui Qris Instant",
      "tipe": "info",
      "url": "/",
      "created_at": "2025-09-11T16:16:00Z"
    },
    {
      "id": 3,
      "judul": "Halo Pengguna Setia CiaaTopUp",
      "pesan": "Jika kalian memiliki kendala/masalah jangan ragu hubungi Custumer Service CiaaTopUp yaa, Terima Kasih.",
      "tipe": "info",
      "url": "/",
      "created_at": "2025-09-23T15:38:20Z"
    }
  ]
}
